{"mae": 233.66054008388798, "rmse": 333.34585533034027, "r2": 0.873717710036149, "mape": 5.000289384541958}